{
  "val_accuracy": 0.9769230769230769,
  "val_loss": 0.3486173301935196,
  "epoch": 3,
  "num_labels": 13,
  "actual_labels": [
    0,
    1,
    2,
    3,
    4,
    5,
    6,
    7,
    8,
    9,
    10,
    11,
    12
  ],
  "labels_match": true,
  "timestamp": "2025-12-19T16:56:06.563092"
}