{
  "epoch": 2,
  "train_loss": 1.1368278222424644,
  "train_accuracy": 0.8484848484848485,
  "val_loss": 0.7379234002696143,
  "val_accuracy": 0.8923076923076924,
  "epoch_time_seconds": 686.998529,
  "learning_rate": 2e-05,
  "timestamp": "2025-12-19T16:30:00.759731",
  "train_batches_processed": 42,
  "val_batches_processed": 9,
  "train_samples": 1320,
  "val_samples": 260,
  "labels_info": {
    "expected_labels_range": "0-12",
    "actual_labels_in_data": [
      0,
      1,
      2,
      3,
      4,
      5,
      6,
      7,
      8,
      9,
      10,
      11,
      12
    ],
    "labels_in_current_epoch": {
      "min_in_train": 6,
      "max_in_train": 6
    }
  }
}