{
  "epoch": 1,
  "train_loss": 2.2150934423719133,
  "train_accuracy": 0.33636363636363636,
  "val_loss": 1.724779102537367,
  "val_accuracy": 0.6653846153846154,
  "epoch_time_seconds": 689.341788,
  "learning_rate": 2e-05,
  "timestamp": "2025-12-19T16:18:33.454335",
  "train_batches_processed": 42,
  "val_batches_processed": 9,
  "train_samples": 1320,
  "val_samples": 260,
  "labels_info": {
    "expected_labels_range": "0-12",
    "actual_labels_in_data": [
      0,
      1,
      2,
      3,
      4,
      5,
      6,
      7,
      8,
      9,
      10,
      11,
      12
    ],
    "labels_in_current_epoch": {
      "min_in_train": 6,
      "max_in_train": 6
    }
  }
}